dice_avg_class_0,iou_avg_class_0,precision_avg_class_0,recall_avg_class_0,dice_avg_class_1,iou_avg_class_1,precision_avg_class_1,recall_avg_class_1,dice_avg_class_2,iou_avg_class_2,precision_avg_class_2,recall_avg_class_2
0.9993110375084624,0.998623133083287,0.9999025932816555,0.9987202720559737,0.9552307657848205,0.9145557907997954,0.9406134988898099,0.9703703253444966,0.8319657346471258,0.7170816839833996,0.763297992195127,0.924037280533509
