epoch,dice_avg_class_0,iou_avg_class_0,precision_avg_class_0,recall_avg_class_0,dice_avg_class_1,iou_avg_class_1,precision_avg_class_1,recall_avg_class_1,dice_avg_class_2,iou_avg_class_2,precision_avg_class_2,recall_avg_class_2
0,0.0,0.0,0.0,0.0,0.0,0.0,0.0,0.0,0.004414725170638849,0.00221463825018106,0.00221463825018106,0.9894702188864207
1,0.0,0.0,0.0,0.0,0.0,0.0,0.0,0.0,0.004416587412026886,0.0022146382503013683,0.0022146382503013683,0.9999999996709444
