epoch,val_loss,val_accuracy
0,0.657801920977734,0.7291872326423166
1,0.41754025231658254,0.8104639684106614
2,0.37517494678144275,0.8061862454754853
3,0.30321699996730456,0.8637709772951628
4,0.31494820789704003,0.8700230338927278
5,0.22072641118532263,0.9052319842053307
6,0.1753999135846486,0.9355051003619612
7,0.23770721951532064,0.8956893715037841
8,0.15114746530831116,0.9381375452451465
9,0.1685438308571859,0.9239881539980257
