epoch,test_loss,test_accuracy
9,0.16590418532696738,0.9262672811059908
